<?xml version="1.0" encoding="utf-8"?>
<Window size="320,150" caption="0,0,0,30" roundcorner="2,2" >
    <Font shared="true" id="0" name="微软雅黑" size="16" />
    <Font id="2" name="微软雅黑" size="16" />
    <VerticalLayout bkcolor="#ffffffff">
        <HorizontalLayout height="30" bkcolor="#ff02274b">
            <Container padding="10,5,0,0" width="32" height="20" bkimage="res\logo.png" />
            <Label name="caption_label" text="迅捷屏幕录像工具" padding="10,0,0,0" width="150" mouse="false" textcolor="#FFFFFFFF" font="2" />
            <Control />
            <Button name="btnClose" width="24" normalimage="file='res\BuyvipNotice\btn-close-01.png'" hotimage="file='res\BuyvipNotice\btn-close-02.png'" pushedimage="file='res\BuyvipNotice\btn-close-03.png'" />
            <Control width="2" />
        </HorizontalLayout>
        <HorizontalLayout>
            <Control width="30" />
            <VerticalLayout>
                <Control height="10" />
                <HorizontalLayout height="60">
                    <Label height="40" width="40" padding="0,10,0,0" bkimage="file='res\BuyvipNotice\ico-tishi.png'" />
                    <Control width="10"/>
                    <VerticalLayout  >
                        <Control />
                        <Label  name="labelTextRow1" text="免费用户录制2分钟即自动停止，且有水印添加。" valign="center" multiline="true" textcolor="#FF333333" font="0" />
                        <Control />
                    </VerticalLayout>
                </HorizontalLayout>
                <Control height="10" />
                <HorizontalLayout height="30">
                    <Button name="btnOk" width="100" normalimage="file='res\BuyvipNotice\btn-queding-01.png'" hotimage="file='res\BuyvipNotice\btn-queding-02.png'" pushedimage="file='res\BuyvipNotice\btn-queding-03.png'" />
                    <Control />
                    <Button name="btnBuy" width="100" normalimage="file='res\BuyvipNotice\btn-ktvip-01.png'" hotimage="file='res\BuyvipNotice\btn-ktvip-02.png'" pushedimage="file='res\BuyvipNotice\btn-ktvip-03.png'" />
                </HorizontalLayout>
                <Control />
            </VerticalLayout>
            <Control width="30" />
        </HorizontalLayout>
    </VerticalLayout>
</Window>