﻿<?xml version="1.0" encoding="UTF-8"?>
<Window size="360,426" caption="0,0,0,36" roundcorner="4,4" >
	<Font id="0" name="微软雅黑" size="16" default="true" />
	<Font id="1" name="微软雅黑" size="18" />
	<Font id="2" name="微软雅黑" size="20" />
    <Font id="3" name="微软雅黑" size="14" />

	<TabLayout name="main_tab">
		<VerticalLayout bkcolor="#FFFFFFFF" >
			<HorizontalLayout height="36" bkcolor="#ff02274b">	
				<Container padding="10,10,0,0" width="32" height="20" bkimage="res\logo.png" />
				<Label name="caption_label" text="迅捷屏幕录像工具" padding="10,0,0,0" width="280" mouse="false" textcolor="#FFFFFFFF"/>
				<Control />
				<Button name="closebtn" tooltip="关闭" padding="0,3,7,0" width="24" height="30" normalimage="res\btn-close-01.png" hotimage="res\btn-close-02.png" pushedimage="res\btn-close-03.png"/>
			</HorizontalLayout>
		
			<!-- 客户区 -->
			<Container padding="25,20,0,0" width="330" height="370">
				<TabLayout name="page_tab">
					<VerticalLayout padding="5,0,0,0">
						<Container width="300" height="100" bkimage="res\BuyVIP\banner.png" />
						<Label text="选择套餐：" padding="0,9,0,0" align="left" height="17"  textcolor="#FF2D2D2D" font="0"/>
						<Option name="pack1_btn" padding="0,10,0,0" width="300" height="34" text="48元半年授权" textcolor="#ff333333" font="3" normalimage="res\BuyVIP\btn-pt-01.png" selectedimage="res\BuyVIP\btn-pt-02.png" group="RadioBoxButton"/>
						<Option name="pack2_btn" padding="0,10,0,0" width="300" height="34" text="68元一年授权" textcolor="#ff333333" font="3" normalimage="res\BuyVIP\btn-pt-01.png" selectedimage="res\BuyVIP\btn-pt-02.png" group="RadioBoxButton"/>
						<Option name="pack3_btn" padding="0,10,0,0" width="300" height="34" text="88元永久授权" textcolor="#ff333333" font="3" normalimage="res\BuyVIP\btn-tj-01.png" selectedimage="res\BuyVIP\btn-tj-02.png" group="RadioBoxButton" selected="true"/>
						<Label text="选择支付方式：" padding="0,9,0,0" align="left" height="17" textcolor="#FF2D2D2D" font="0"/>
						<HorizontalLayout padding="0,10,0,0" width="300" height="38">
							<Button name="buy_weichat_btn" width="142" height="38" normalimage="res\BuyVIP\btn-weixin-01.png" hotimage="res\BuyVIP\btn-weixin-02.png" pushedimage="res\BuyVIP\btn-weixin-03.png"/>
							<Control />
							<Button name="buy_zhifubao_btn" width="142" height="38" normalimage="res\BuyVIP\btn-zhifubao-01.png" hotimage="res\BuyVIP\btn-zhifubao-02.png" pushedimage="res\BuyVIP\btn-zhifubao-03.png"/>
						</HorizontalLayout>
					</VerticalLayout>

					<VerticalLayout padding="59,-12,0,0">
						<Label text="您的订单已提交成功！" height="44" align="left" textcolor="#FF3E3A39" font="2"/>
						<HorizontalLayout height="19" padding="30,-8,0,0" >
							<Label text="应付金额：" width="80" height="22" align="left" textcolor="#FF3E3A39" font="0"/>
							<Label name="money_label" text="￥128" width="100" height="22" align="left" textcolor="#FFD10D20" font="1"/>
						</HorizontalLayout>
						<Container name="Two-Dimensional_Code_img" padding="3,10,0,0" width="180" height="180"/>
						<HorizontalLayout padding="3,6,0,0" width="242" height="107">
							<Container padding="0,0,0,0" width="183" height="107" bkimage="res\BuyVIP\pic-wx.png" />
							<VerticalLayout padding="9,0,0,0">
								<Control height="92"/>
								<Button name="back_btn" width="50" height="15" normalimage="res\BuyVIP\btn-back-01.png" hotimage="res\BuyVIP\btn-back-02.png" pushedimage="res\BuyVIP\btn-back-03.png"/>
							</VerticalLayout>
						</HorizontalLayout>
					</VerticalLayout>

					<VerticalLayout padding="0,45,0,0">
						<HorizontalLayout padding="20,20,0,0" height="106">
							<Control />
							<Container width="100" bkimage="res\BuyVIP\zhifushibai.png" />
							<Control />
							<Control width="30"/>
						</HorizontalLayout>
						<HorizontalLayout padding="0,20,0,0" height="25">
							<Control />
							<Label padding="20,0,0,0" text="支付失败！" width="95" align="center" textcolor="#FF333333" font="2"/>
							<Control />
							<Control width="30"/>
						</HorizontalLayout>
						<HorizontalLayout padding="5,40,0,0" height="40" >
							<Button name="cancel_btn" width="120" height="40" normalimage="res\BuyVIP\btn-quxiao-01.png" hotimage="res\BuyVIP\btn-quxiao-02.png" pushedimage="res\BuyVIP\btn-quxiao-03.png"/>
							<Control />
							<Button name="redo_btn" width="120" height="40" normalimage="res\BuyVIP\btn-zhifu-01.png" hotimage="res\BuyVIP\btn-zhifu-02.png" pushedimage="res\BuyVIP\btn-zhifu-03.png"/>
							<Control width="25"/>
						</HorizontalLayout>
					</VerticalLayout>
				</TabLayout>
			</Container>
		</VerticalLayout>
		<Container width="260" height="160" bkimage="res\BuyVIP\zhifuchenggong.png" />
	</TabLayout>
</Window>