﻿<?xml version="1.0" encoding="UTF-8"?>
<Window size="76,47" >
  <HorizontalLayout bkcolor="#FFFFFFFF " bkimage="file='res\Setting\clr_sel_dlg_bk.png'">
    <Button name="btnClr11" float="true" pos="5,10,0,0" height="13" width="13" normalimage="file='res\Setting\0.png'" hotimage="file='res\Setting\0.png'" pushedimage="file='res\Setting\0.png'" />
    <Button name="btnClr12" float="true" pos="23,10,0,0" height="13" width="13" normalimage="file='res\Setting\1.png'" hotimage="file='res\Setting\1.png'" pushedimage="file='res\Setting\1.png'" />
    <Button name="btnClr13" float="true" pos="41,10,0,0" height="13" width="13" normalimage="file='res\Setting\2.png'" hotimage="file='res\Setting\2.png'" pushedimage="file='res\Setting\2.png'" />
    <Button name="btnClr14" float="true" pos="59,10,0,0" height="13" width="13" normalimage="file='res\Setting\3.png'" hotimage="file='res\Setting\3.png'" pushedimage="file='res\Setting\3.png'" />
    <Button name="btnClr21" float="true" pos="5,29,0,0" height="13" width="13" normalimage="file='res\Setting\4.png'" hotimage="file='res\Setting\4.png'" pushedimage="file='res\Setting\4.png'" />
    <Button name="btnClr22" float="true" pos="23,29,0,0" height="13" width="13" normalimage="file='res\Setting\5.png'" hotimage="file='res\Setting\5.png'" pushedimage="file='res\Setting\5.png'" />
    <Button name="btnClr23" float="true" pos="41,29,0,0" height="13" width="13" normalimage="file='res\Setting\6.png'" hotimage="file='res\Setting\6.png'" pushedimage="file='res\Setting\6.png'" />
    <Button name="btnClr24" float="true" pos="59,29,0,0" height="13" width="13" normalimage="file='res\Setting\7.png'" hotimage="file='res\Setting\7.png'" pushedimage="file='res\Setting\7.png'" />
  </HorizontalLayout>
</Window>