﻿<?xml version="1.0" encoding="UTF-8"?>
<Window size="240,127" maxinfo="300,107" roundcorner="4,4" >
	<Font id="0" name="微软雅黑" size="14" default="true" />
	<Font id="1" name="微软雅黑" size="14" underline="true" />

	<VerticalLayout width="240" height="127" bkimage="res\LogonStatus\bggeren.png" >
		<VerticalLayout padding="12,20,0,0" width="218" height="107">
			<HorizontalLayout height="36">
				<TabLayout name="head_tab" width="46" height="36">
					<Container width="46" height="36" bkimage="res\LogonStatus\ico.png"/>
					<Container width="46" height="36" bkimage="res\LogonStatus\ico-vipn.png"/>
					<Container width="46" height="36" bkimage="res\LogonStatus\ico-vip.png"/>
				</TabLayout>
				<VerticalLayout>
					<HorizontalLayout height="18">
						<Label text="用户名：" padding="3,0,0,0" width="60" height="18" textcolor="#FF666666" />
						<Label name="accountLabel" text="未登录用户名" align="left" width="90" height="18" textcolor="#FF48A7FF" />
					</HorizontalLayout>
					<HorizontalLayout height="18">
						<Container width="65" height="18">
							<Button name="modify_btn" text="修改密码" width="65" height="18" textcolor="#FF48A7FF" disabledtextcolor="#FF666666" font="1"/>
						</Container>
						<Button name="logoff_btn" padding="19,0,0,0" text="退出" width="32" height="18" textcolor="#FF48A7FF" disabledtextcolor="#FF666666" font="1"/>
					</HorizontalLayout>
				</VerticalLayout>
			</HorizontalLayout>

			<HorizontalLayout padding="0,18,0,0" height="18">
				<Container padding="0,3,0,0" width="14" height="14" bkimage="res\LogonStatus\ico-baoyue.png"/>
				<Label text="包月服务：" padding="5,0,0,0" align="left" width="70" height="18" textcolor="#FF666666" />
				<Label name="create_status_label" text="未开通" padding="0,0,0,0" align="left" width="89" height="18" textcolor="#FFD73333" />
				<Button name="buy_vip_btn1" text="开通" width="32" textcolor="#FF48A7FF" disabledtextcolor="#FF666666" font="1"/>
			</HorizontalLayout>

			<HorizontalLayout padding="0,10,0,0" height="18">
				<Container padding="0,3,0,0" width="14" height="14" bkimage="res\LogonStatus\ico-daoqi.png"/>
				<Label text="到期时间：" padding="5,0,0,0" align="left" width="70" height="18" textcolor="#FF666666" />
				<Label name="active_status_label" text="已过期" padding="0,0,0,0" align="left" width="89" height="18" textcolor="#FFD73333" />
				<Button name="buy_vip_btn2" text="续费" width="32" textcolor="#FF48A7FF" disabledtextcolor="#FF666666" font="1"/>
			</HorizontalLayout>
		</VerticalLayout>
	</VerticalLayout>
</Window>