<?xml version="1.0" encoding="utf-8"?>
<Window size="520,360" caption="0,0,0,40" roundcorner="2,2">
    <Font id="0" name="微软雅黑" size="18" default="true" />
    <Font id="1" name="微软雅黑" size="16" />
    <Font id="2" name="微软雅黑" size="14" />
    <Font id="3" name="微软雅黑" underline="true" size="14" />
    <Font id="4" name="微软雅黑" size="12" />
    <Font id="5" name="微软雅黑" size="30" />
    <Default shared="true" name="Option" value="textcolor=&quot;#FF666666&quot; selectedtextcolor=&quot;#FF333333&quot; disabledtextcolor=&quot;#FFb666666&quot; textpadding=&quot;23,-2,0,0&quot; align=&quot;left&quot; valign=&quot;vcenter&quot; selectedimage=&quot;file='res\RadioBtnSel.png' source='0,0,14,14' dest='0,0,14,14'&quot; normalimage=&quot;file='res\RadioBtnNon.png' source='0,0,14,14' dest='0,0,14,14'&quot;" />
    <VerticalLayout name="VerticalLayoutUI1" width="480" height="100" bkcolor="#FFFFFFFF">
        <!-- 标题栏 -->
        <HorizontalLayout height="30" bkcolor="#FF02274B">
            <Control width="10" />
            <Control width="32" height="20" padding="0,5,0,5" bkimage="res\logo.png" />
            <Control width="10" />
            <Label name="titleLable" text="迅捷屏幕录像工具【WwW.DaYanZai.Me】" width="320" textcolor="#FFFFFFFF" font="1" align="left" />
            <Control />
            <Control width="16"/>
            <Button name="minbtn" width="24" normalimage="res\btn-min-01.png" hotimage="res\btn-min-02.png" pushedimage="res\btn-min-03.png" />
            <Control width="5"/>
            <Button name="closebtn" width="24" normalimage="res\btn-close-01.png" hotimage="res\btn-close-02.png" pushedimage="res\btn-close-03.png" />
            <Control width="2" />
        </HorizontalLayout>
        <!-- 客户区 -->
        <VerticalLayout>
            <HorizontalLayout >
                <Control width="20" />
                <VerticalLayout>
                    <Control height="21"/>
                    <HorizontalLayout >
                        <VerticalLayout >
                            <HorizontalLayout height="17">
                                <Label width="4" height="13" padding="0,2,0,2" bkcolor="#FF358BDF" />
                                <Control width="5" />
                                <Label text="视频选项" textpadding="0,-1,0,0" valign="center" textcolor="#FF333333" font="1" />
                            </HorizontalLayout>
                            <Control height="10" />
                            <HorizontalLayout name ="regionGrp" height="30" bkcolor="#FFF6F6F6">
                                <Control width="10" />
                                <Option text="全屏录制" userdata="comboItem" group="regionGrp" width="100" height="14" padding="0,7,0,7" font="2" />
                                <Option text="区域录制" userdata="comboItem" group="regionGrp" width="100" height="14" padding="0,7,0,7" font="2" />
                            </HorizontalLayout>
                        </VerticalLayout>
                        <Control width="20" />
                        <VerticalLayout>
                            <HorizontalLayout height="17">
                                <Label width="4" height="13" padding="0,2,0,2" bkcolor="#FF358BDF" />
                                <Control width="5" />
                                <Label text="录屏格式" textpadding="0,-1,0,0" valign="center" textcolor="#FF333333" font="1" />
                            </HorizontalLayout>
                            <Control height="10" />
                            <HorizontalLayout name ="formatGrp" height="30" bkcolor="#FFF6F6F6">
                                <Control width="10" />
                                <Option text="AVI" userdata="comboItem" group="formatGrp" height="14" padding="0,7,0,7" font="2" />
                                <Option text="MP4" userdata="comboItem" group="formatGrp" height="14" padding="0,7,0,7" font="2" />
                                <Option text="FLV" userdata="comboItem" group="formatGrp" height="14" padding="0,7,0,7" font="2" />
                            </HorizontalLayout>
                        </VerticalLayout>
                    </HorizontalLayout>
                    <Control height="10"/>
                    <VerticalLayout>
                        <HorizontalLayout height="17">
                            <Label width="4" height="13" padding="0,2,0,2" bkcolor="#FF358BDF" />
                            <Control width="5" />
                            <Label text="音频选项" textpadding="0,-1,0,0" valign="vcenter" textcolor="#FF333333" font="1" />
                        </HorizontalLayout>
                        <Control height="10" />
                        <HorizontalLayout name ="soundGrp" height="30" bkcolor="#FFF6F6F6">
                            <Control width="10" />
                            <Option text="全部录制" userdata="comboItem" group="soundGrp" width="100" height="14" padding="0,7,0,7" font="2"/>
                            <Option text="仅系统声音" userdata="comboItem" group="soundGrp" height="14" width="120" padding="0,7,0,7" font="2"/>
                            <Option text="仅麦克风声音" userdata="comboItem" group="soundGrp" height="14" width="130" padding="0,7,0,7" font="2"/>
                            <Option text="不录声音" userdata="comboItem" group="soundGrp" height="14" width="100" padding="0,7,0,7" font="2" />
                            <Control />
                        </HorizontalLayout>
                    </VerticalLayout>
                    <Control height="10"/>
                    <HorizontalLayout >
                        <VerticalLayout>
                            <HorizontalLayout height="17">
                                <Label width="4" height="13" padding="0,2,0,2" bkcolor="#FF358BDF" />
                                <Control width="5" />
                                <Label text="画质设置" textpadding="0,-1,0,0" valign="vcenter" textcolor="#FF333333" font="1" />
                            </HorizontalLayout>
                            <Control height="10" />
                            <HorizontalLayout height="30" bkcolor="#FFF6F6F6">
                                <Control width="10" />
                                <HorizontalLayout name ="qualityGrp">
                                    <Option text="标清" userdata="comboItem" group="qualityGrp" height="14" padding="0,7,0,7" font="2"/>
                                    <Option text="高清" userdata="comboItem" group="qualityGrp" height="14" padding="0,7,0,7" font="2"/>
                                    <Option text="原画" userdata="comboItem" group="qualityGrp" height="14" padding="0,7,0,7" font="2"/>
                                </HorizontalLayout>
                            </HorizontalLayout>
                        </VerticalLayout>
                         <Control width="20" />
                        <VerticalLayout>
                            <HorizontalLayout height="17">
                                <Label width="4" height="13" padding="0,2,0,2" bkcolor="#FF358BDF" />
                                <Control width="5" />
                                <Label text="设置" textpadding="0,-1,0,0" valign="vcenter" textcolor="#FF333333" font="1" />
                            </HorizontalLayout>
                            <Control height="10" />
                            <HorizontalLayout height="30" bkcolor="#FFF6F6F6">
                                <Control width="10" />
                                <Button name="settingBtn" width="60"  height="14" padding="0,7,0,7" text="更多设置" align="left" valign="vcenter" textpadding="0,-2,0,0"  textcolor="#FF4198ED" hottextcolor="#FF1063B4" pushedtextcolor="#FF1F72C3" font="3" />
                                <Button name="insettingBtn" visible="false" width="30" text="内" textcolor="#FFCCCCCC" font="2" />
                            </HorizontalLayout>
                        </VerticalLayout>
                    </HorizontalLayout>
                    <Control height="10"/>
                    <VerticalLayout>
                        <HorizontalLayout height="17">
                            <Label width="4" height="13" padding="0,2,0,2" bkcolor="#FF358BDF" />
                            <Control width="5" />
                            <Label text="保存到文件夹" textpadding="0,-1,0,0" valign="vcenter" textcolor="#FF333333" font="1" />
                        </HorizontalLayout>
                        <Control height="10" />
                        <HorizontalLayout height="30" bkcolor="#FFF6F6F6">
                            <Control width="5" />
                            <Edit name ="savedDirEdit" height="24" padding="0,3,0,3" text="A\B\C" textcolor="#FF666666" font="4" background="#FFDDDDDD" width="320" bordersize="1" bordercolor="#FFD2D2D2" readonly="true" endellipsis="true" />
                            <Control width="5" />
                            <Button name="setDirBtn" text="更改目录" textcolor="#FF4198ED" hottextcolor="#FF1063B4" pushedtextcolor="#FF1F72C3" font="3" />
                            <Control width="10" />
                            <Button name="openDirBtn" text="打开文件夹" textcolor="#FF4198ED" hottextcolor="#FF1063B4" pushedtextcolor="#FF1F72C3" font="3" />
                            <Control width="5" />
                        </HorizontalLayout>
                    </VerticalLayout>
                    <Control height="10"/>
                </VerticalLayout>
                <Control width="20" />
            </HorizontalLayout>
            <HorizontalLayout height="50" bkcolor="#FFEAEAEA" bordersize="0,1,0,0" bordercolor="#FFCBCBCB">
                <Control width="20" />
                <Label text="录制时长：" width="65" font="2" textcolor="#FF666666" />
                <Control width="5" />
                <Label name = "durationLabel" text="00:00:00" width="150" font="5" aligh="left" textcolor="#FF666666" />
                <Control />
                <HorizontalLayout width="160" height="30" padding="0,10,0,10">
                    <Button name ="startBtn" text="开始录制" textcolor="#FFFFFFFF" width="120" textpadding= "35,0,0,0" align="left" bkcolor="#FF4198ED" hotbkcolor="#FF1063B4" pushedbkcolor="#FF1F72C3" normalimage="file='res\btn-start-01.png' source='0,0,25,26' dest='2,2,27,28'" />
                    <Button name ="pauseBtn" text="暂停录制" textcolor="#FFFFFFFF" width="120" textpadding= "35,0,0,0" visible="false" align="left" bkcolor="#FF4198ED" hotbkcolor="#FF1063B4" pushedbkcolor="#FF1F72C3" normalimage="file='res\btn-pause-01.png' source='0,0,25,26' dest='2,2,27,28'" />
                    <Control />
                    <Button name ="stopBtn" width="30" enabled="false" bkcolor="#FF4198ED" hotbkcolor="#FF1063B4" pushedbkcolor="#FF1F72C3" disabledbkcolor="#FFEAEAEA" normalimage="file='res\btn-stop-01.png' source='0,0,26,26' dest='2,2,28,28'" />
                </HorizontalLayout>
                <Control width="20" />
            </HorizontalLayout>
        </VerticalLayout>
    </VerticalLayout>
</Window>