<?xml version="1.0" encoding="utf-8"?>
<Window  roundcorner="2,2" caption="0,0,0,30" sizebox="4,4,6,6">
    <Font id="0" name="微软雅黑" size="18" default="true" />
    <Font id="1" name="微软雅黑" size="16" />
    <VerticalLayout name="VerticalLayoutUI1" inset="1,1,1,1">
        <HorizontalLayout  height="30" bkcolor="#ff02274b">
            <Container padding="10,5,0,0" width="32" height="20" bkimage="res\logo.png" />
            <Label  text="迅捷屏幕录像工具" padding="10,0,0,0" width="150" mouse="false" textcolor="#FFFFFFFF" font="2" />
            <Control />
            <Button name="closebtn" width="24" normalimage="file='res\previewWnd\btn-close-01.png'" hotimage="file='res\previewWnd\btn-close-02.png'" pushedimage="file='res\previewWnd\btn-close-03.png'" />
            <Control width="2" />
        </HorizontalLayout>
        <HorizontalLayout name="clientZone" >
            <Control name="previewWnd"  bkcolor="#FFFFFFFF" />
        </HorizontalLayout>
    </VerticalLayout>
</Window>