﻿<?xml version="1.0" encoding="UTF-8"?>
<Window size="360,420" caption="0,0,0,36" roundcorner="4,4">
	<Font id="0" name="微软雅黑" size="14" default="true" />
	<Font id="1" name="微软雅黑" size="14" underline="true" />
	<Font id="2" name="微软雅黑" size="16" />
	<Font id="3" name="微软雅黑" size="12" />

	<VerticalLayout bkcolor="#FFFFFFFF" >
		<HorizontalLayout width="360" height="36" bkcolor="#ff02274b">	
			<Container padding="10,10,0,0" width="32" height="20" bkimage="res\logo.png" />
			<Label name="caption_label" text="迅捷屏幕录像工具" padding="10,0,0,0" width="260" mouse="false" textcolor="#FFFFFFFF" font="2"/>
			<Control />
			<Button name="closebtn" tooltip="关闭" padding="0,3,7,0" width="24" height="30" normalimage="res\btn-close-01.png" hotimage="res\btn-close-02.png" pushedimage="res\btn-close-03.png"/>
		</HorizontalLayout>
	
		<!-- 客户区 -->
		<TabLayout name="main_tab">
			<VerticalLayout padding="30,9,0,0" width="300" height="384">
				<HorizontalLayout width="300" height="36">
					<Option name="reg_btn" width="150" height="36" normalimage="res\RegLogon\btn-mzhuce-01.png" selectedimage="res\RegLogon\btn-mzhuce-03.png" group="RadioBoxButton" selected="true"/>
					<Option name="account_btn" padding="0,0,0,0" width="150" height="36" normalimage="res\RegLogon\btn-mzhanghao-01.png" selectedimage="res\RegLogon\btn-mzhanghao-03.png" group="RadioBoxButton" />
				</HorizontalLayout>	
				
				<TabLayout name="page_tab">
					<!-- 注册 -->
					<VerticalLayout padding="0,10,0,0">
						<HorizontalLayout height="30" bkimage="file='res\RegLogon\edit_frame.png' corner='2,2,2,2' hole='true'">
							<Container width="30" height="30" bkimage="res\RegLogon\ico-shouji-s.png"/>
							<Edit name="reg_cellphone_edit" tipvalue="请输入手机号" tipvaluecolor="#FFBCBCBC" padding="0,1,0,0" align="left" maxchar="11" numberonly="true" autoselall="true" height="28" textcolor="#FF666666" font="0"/>
							<Control width="1"/>
						</HorizontalLayout>
						<Container height="14">
							<Label name="reg_error_msg_label" text="*手机号码格式不正确！" padding="3,0,0,0" height="14" textcolor="#FFD10627" visible="false" font="3"/>
						</Container>
						<HorizontalLayout height="30" bkimage="file='res\RegLogon\edit_frame.png' corner='2,2,2,2' hole='true'">
							<Container width="30" height="30" bkimage="res\RegLogon\ico-szmima-s.png"/>
							<Edit name="reg_set_password_edit" tipvalue="请输入6-20位密码，区分大小写" tipvaluecolor="#FFBCBCBC" padding="0,1,0,0" align="left" maxchar="20" height="28" password="true" textcolor="#FF666666" font="0"/>
							<Control width="1"/>
						</HorizontalLayout>
						<HorizontalLayout padding="0,15,0,0" height="30">
							<HorizontalLayout bkimage="file='res\RegLogon\edit_frame.png' corner='2,2,2,2' hole='true'">
								<Container width="30" height="30" bkimage="res\RegLogon\ico-yanzheng-s.png"/>
								<Edit name="reg_verify_edit" tipvalue="请输入验证码" tipvaluecolor="#FFBCBCBC" padding="0,1,0,0" align="left" height="28" textcolor="#FF666666" font="0"/>
								<Control width="1"/>
							</HorizontalLayout>
							<Button name="reg_verify_img_btn" padding="10,0,0,0" width="110" height="30" bkimage="res\RegLogon\yanzheng.png"/>
						</HorizontalLayout>
						<HorizontalLayout padding="0,15,0,0" height="30">
							<HorizontalLayout bkimage="file='res\RegLogon\edit_frame.png' corner='2,2,2,2' hole='true'">
								<Container width="30" height="30" bkimage="res\RegLogon\ico-dcyanzheng-s.png"/>
								<Edit name="reg_msg_verify_edit" tipvalue="请输入短信验证码" tipvaluecolor="#FFBCBCBC" padding="0,1,0,0" align="left" height="28" textcolor="#FF666666" font="0"/>
								<Control width="1"/>
							</HorizontalLayout>
							<TabLayout name="reg_verify_tab" padding="10,0,0,0" width="110" height="30" >
								<Button name="reg_verify_btn" width="110" height="30" normalimage="res\RegLogon\btn-yzm-30-01.png" hotimage="res\RegLogon\btn-yzm-30-02.png" pushedimage="res\RegLogon\btn-yzm-30-03.png" />
								<Button name="reg_timer_btn" text="59s后重新获取" width="110" height="30" align="center" valign="vcenter" textcolor="FFBCBCBC" disabledtextcolor="#FFBCBCBC" enabled="false" bkimage="file='res\RegLogon\edit_frame.png' corner='2,2,2,2'" font="0"/>
							</TabLayout>
						</HorizontalLayout>
						<HorizontalLayout height="14" padding="0,10,0,0" >
							<Option name="agree_btn" width="205" height="14" text="点击注册按钮，即表示您同意" textpadding="20,0,0,0" align="left" textcolor="#FF999999" normalimage="file='res\RegLogon\btn-goux-01.png' source='0,0,14,14' dest='0,0,14,14'" selectedimage="file='res\RegLogon\btn-goux-02.png' source='0,0,14,14' dest='0,0,14,14'" selected="true" font="0"/>
							<Button text="《使用协议》" height="14" align="left" textcolor="#FF3CA4FF" />
						</HorizontalLayout>
						<Button name="reg_reg_btn" padding="0,6,0,0" width="300" height="40" normalimage="res\RegLogon\btn-zhuce-01.png" hotimage="res\RegLogon\btn-zhuce-02.png" pushedimage="res\RegLogon\btn-zhuce-03.png" />
						<Label text="----------------------   第三方账号登录   ----------------------" padding="0,1,0,0" align="center" width="340" height="16" textcolor="#FF999999" font="0"/>
						<HorizontalLayout padding="0,20,0,26" height="40">
							<Button name="account_logon_weixin_btn" width="140" height="40" normalimage="res\RegLogon\btn-weixin-01.png" hotimage="res\RegLogon\btn-weixin-02.png" pushedimage="res\RegLogon\btn-weixin-03.png" />
							<Control />
							<Button name="account_logon_qq_btn" width="140" height="40" normalimage="res\RegLogon\btn-qq-01.png" hotimage="res\RegLogon\btn-qq-02.png" pushedimage="res\RegLogon\btn-qq-03.png" />
						</HorizontalLayout>
					</VerticalLayout>
					<!-- 账号登录 -->
					<VerticalLayout>
						<TabLayout name="logon_tab">
							<!-- 账号登录 -->
							<VerticalLayout>
								<HorizontalLayout padding="0,20,0,0" height="14">
									<Control />
									<Button name="switch_logon_btn1" text="短信验证码登录" align="right" textcolor="#FF666666" />
									<Button name="switch_logon_btn2" padding="5,0,0,0" width="12" height="13" bkimage="res\RegLogon\next.png" />
								</HorizontalLayout>
								<HorizontalLayout padding="0,10,0,0" height="36" bkimage="file='res\RegLogon\edit_frame.png' corner='2,2,2,2' hole='true'">
									<Container width="36" height="36" bkimage="res\RegLogon\ico-shouji.png"/>
									<Edit name="account_account_edit" tipvalue="请输入账号(手机号)" tipvaluecolor="#FFBCBCBC" padding="0,1,0,0" align="left" width="229" height="32" autoselall="true" textcolor="#FF666666" font="0"/>
								</HorizontalLayout>
								<Container height="20">
									<Label name="account_error_msg_label" text="*手机号码格式不正确！" padding="3,0,0,0" height="20" textcolor="#FFD10627" visible="false" font="3"/>
								</Container>
								<HorizontalLayout padding="0,0,0,0" height="36" bkimage="file='res\RegLogon\edit_frame.png' corner='2,2,2,2' hole='true'">
									<Container width="36" height="36" bkimage="res\RegLogon\ico-szmima.png"/>
									<Edit name="account_password_edit" tipvalue="请输入6-20位密码，区分大小写。" tipvaluecolor="#FFBCBCBC" padding="0,1,0,0" align="left" width="229" height="32" password="true" textcolor="#FF666666" font="0"/>
								</HorizontalLayout>
								<Button name="account_logon_btn" padding="0,20,0,0" width="300" height="40" normalimage="res\RegLogon\btn-denglu-01.png" hotimage="res\RegLogon\btn-denglu-02.png" pushedimage="res\RegLogon\btn-denglu-03.png" />
								<HorizontalLayout height="24" padding="0,10,0,0" >
									<Option name="auto_logon_btn" width="100" height="14" text="自动登录" textpadding="20,0,0,0" align="left" textcolor="#FF999999" normalimage="file='res\RegLogon\btn-goux-01.png' source='0,0,14,14' dest='0,0,14,14'" selectedimage="file='res\RegLogon\btn-goux-02.png' source='0,0,14,14' dest='0,0,14,14'" selected="true" font="0"/>
									<Control />
									<Button name="account_forget_password_btn" text="忘记密码？" width="75" height="14" align="center" textcolor="#FF999999" underline="true" font="1"/>
								</HorizontalLayout>
							</VerticalLayout>
							<!-- 短信登录 -->
							<VerticalLayout>
								<HorizontalLayout padding="0,20,0,0" height="14">
									<Control />
									<Button name="switch_logon_btn3" text="账号密码登录" align="right" textcolor="#FF666666" />
									<Button name="switch_logon_btn4" padding="5,0,0,0" width="12" height="13" bkimage="res\RegLogon\next.png" />
								</HorizontalLayout>
								<HorizontalLayout padding="0,10,0,0" height="36" bkimage="file='res\RegLogon\edit_frame.png' corner='2,2,2,2' hole='true'">
									<Container width="36" height="36" bkimage="res\RegLogon\ico-shouji.png"/>
									<Edit name="msg_cellphone_edit" tipvalue="请输入手机号" tipvaluecolor="#FFBCBCBC" padding="0,1,0,0" align="left" maxchar="11" numberonly="true" autoselall="true" height="32" textcolor="#FF666666" font="0"/>
									<Control width="4"/>
								</HorizontalLayout>
								<Container height="20">
									<Label name="msg_error_msg_label" text="*手机号码格式不正确！" padding="3,0,0,0" height="20" textcolor="#FFD10627" visible="false" font="3"/>
								</Container>
								<HorizontalLayout padding="0,0,0,0" height="36" >
									<HorizontalLayout bkimage="file='res\RegLogon\edit_frame.png' corner='2,2,2,2' hole='true'">
										<Container width="36" height="36" bkimage="res\RegLogon\ico-yanzheng.png"/>
										<Edit name="msg_verify_edit" tipvalue="请输入验证码" tipvaluecolor="#FFBCBCBC" padding="0,1,0,0" align="left" height="32" textcolor="#FF666666" font="0"/>
										<Control width="1"/>
									</HorizontalLayout>
									<Button name="msg_verify_img_btn" padding="10,0,0,0" width="110" height="36" bkimage="res\RegLogon\yanzheng.png"/>
								</HorizontalLayout>
								<HorizontalLayout padding="0,20,0,0" height="36">
									<HorizontalLayout bkimage="file='res\RegLogon\edit_frame.png' corner='2,2,2,2' hole='true'">
										<Container width="36" height="36" bkimage="res\RegLogon\ico-dcyanzheng.png"/>
										<Edit name="msg_msg_verify_edit" tipvalue="请输入短信验证码" tipvaluecolor="#FFBCBCBC" padding="0,1,0,0" align="left" height="32" textcolor="#FF666666" font="0"/>
										<Control width="1"/>
									</HorizontalLayout>
									<TabLayout name="msg_verify_tab" padding="10,0,0,0" width="110" height="36" >
										<Button name="msg_verify_btn" width="110" height="36" normalimage="res\RegLogon\btn-yzm-01.png" hotimage="res\RegLogon\btn-yzm-02.png" pushedimage="res\RegLogon\btn-yzm-03.png" />
										<Button name="msg_timer_btn" text="59s后重新获取" width="110" height="36" align="center" valign="vcenter" textcolor="FFBCBCBC" disabledtextcolor="#FFBCBCBC" enabled="false" bkimage="file='res\RegLogon\edit_frame.png' corner='2,2,2,2'" font="0"/>
									</TabLayout>
								</HorizontalLayout>
								<Button name="msg_logon_btn" padding="0,10,0,0" width="300" height="40" normalimage="res\RegLogon\btn-denglu-01.png" hotimage="res\RegLogon\btn-denglu-02.png" pushedimage="res\RegLogon\btn-denglu-03.png" />
							</VerticalLayout>
						</TabLayout>
						<Label text="----------------------   第三方账号登录   ----------------------" padding="0,0,0,0" align="center" width="340" height="16" textcolor="#FF999999" font="0"/>
						<HorizontalLayout padding="0,20,0,26" height="40">
							<Button name="account_logon_weixin_btn" width="140" height="40" normalimage="res\RegLogon\btn-weixin-01.png" hotimage="res\RegLogon\btn-weixin-02.png" pushedimage="res\RegLogon\btn-weixin-03.png" />
							<Control />
							<Button name="account_logon_qq_btn" width="140" height="40" normalimage="res\RegLogon\btn-qq-01.png" hotimage="res\RegLogon\btn-qq-02.png" pushedimage="res\RegLogon\btn-qq-03.png" />
						</HorizontalLayout>
					</VerticalLayout>
				</TabLayout>
			</VerticalLayout>

			<TabLayout name="modify_tab">
				<VerticalLayout padding="30,40,0,0" width="300" height="344">
					<HorizontalLayout height="36" bkimage="file='res\RegLogon\edit_frame.png' corner='2,2,2,2' hole='true'">
						<Container width="36" height="36" bkimage="res\RegLogon\ico-shouji.png"/>
						<Edit name="modify_password_cellphone_edit" tipvalue="请输入手机号" tipvaluecolor="#FFBCBCBC" padding="0,1,0,0" align="left" maxchar="11" numberonly="true" autoselall="true" height="32" textcolor="#FF666666" font="0"/>
						<Control width="1"/>
					</HorizontalLayout>
					<Container height="30">
						<Control height="8"/>
						<Label name="modify_password_error_msg_label" text="*手机号码格式不正确！" padding="3,0,0,0" height="14" textcolor="#FFD10627" visible="false"/>
						<Control height="8"/>
					</Container>
					<HorizontalLayout height="36" padding="0,0,0,0">
						<HorizontalLayout bkimage="file='res\RegLogon\edit_frame.png' corner='2,2,2,2' hole='true'">
							<Container width="36" height="36" bkimage="res\RegLogon\ico-yanzheng.png"/>
							<Edit name="modify_password_verify_edit" tipvalue="请输入验证码" tipvaluecolor="#FFBCBCBC" padding="0,1,0,0" align="left" height="32" textcolor="#FF666666" font="0"/>
							<Control width="1"/>
						</HorizontalLayout>
						<Button name="modify_password_verify_img_btn" padding="10,0,0,0" width="110" height="36" bkimage="res\RegLogon\yanzheng.png"/>
					</HorizontalLayout>
					<HorizontalLayout height="36" padding="0,30,0,0" >
						<HorizontalLayout bkimage="file='res\RegLogon\edit_frame.png' corner='2,2,2,2' hole='true'">
							<Container width="36" height="36" bkimage="res\RegLogon\ico-dcyanzheng.png"/>
							<Edit name="modify_password_msg_verify_edit" tipvalue="请输入短信验证码" tipvaluecolor="#FFBCBCBC" padding="0,1,0,0" align="left" height="32" textcolor="#FF666666" font="0"/>
							<Control width="1"/>
						</HorizontalLayout>
						<TabLayout name="modify_password_verify_tab" padding="10,0,0,0" width="110" height="36" >
							<Button name="modify_password_msg_verify_btn" width="110" height="36" normalimage="res\RegLogon\btn-yzm-01.png" hotimage="res\RegLogon\btn-yzm-02.png" pushedimage="res\RegLogon\btn-yzm-03.png" />
							<Button name="modify_password_timer_btn" text="59s后重新获取" width="110" height="36" align="center" valign="vcenter" textcolor="#FFBCBCBC" disabledtextcolor="#FFBCBCBC" enabled="false" bkimage="file='res\RegLogon\edit_frame.png' corner='2,2,2,2'" font="0"/>
						</TabLayout>
					</HorizontalLayout>
					<HorizontalLayout height="36" padding="0,30,0,0" bkimage="file='res\RegLogon\edit_frame.png' corner='2,2,2,2' hole='true'">
						<Container width="36" height="36" bkimage="res\RegLogon\ico-szmima.png"/>
						<Edit name="modify_password_set_password_edit" tipvalue="请输入6-20位密码，区分大小写。" tipvaluecolor="#FFBCBCBC" padding="0,1,0,0" align="left" height="32" password="true" textcolor="#FF666666" font="0"/>
						<Control width="1"/>
					</HorizontalLayout>
					<Button name="modify_password_ok_btn" padding="0,30,0,0" width="300" height="40" normalimage="res\RegLogon\btn-qd-01.png" hotimage="res\RegLogon\btn-qd-02.png" pushedimage="res\RegLogon\btn-qd-03.png" />
				</VerticalLayout>
				<VerticalLayout>
					<Container padding="75,34,0,0" bkimage="res\RegLogon\ico-mimaxg.png" width="210" height="234" />
					<Button name="closebtn" padding="30,30,0,0" width="300" height="40" normalimage="res\RegLogon\btn-qd-01.png" hotimage="res\RegLogon\btn-qd-02.png" pushedimage="res\RegLogon\btn-qd-03.png" />
				</VerticalLayout>
			</TabLayout>
		</TabLayout>

	</VerticalLayout>
</Window>