<?xml version="1.0" encoding="utf-8"?>

<Window size="580,360" caption="0,0,0,30" roundcorner="2,2">
  <!--字体设置-->
  <Font shared="true" id="0" name="微软雅黑" size="12"/>
  <Font shared="true" id="1" name="微软雅黑" size="14"/>
  <Font shared="true" id="2" name="微软雅黑" size="16"/>
  <Default shared="true" name="VScrollBar" value="button1normalimage=&quot;file='res\Setting\scrollbar.bmp' source='0,90,16,106' mask='#FFFF00FF'&quot; button1hotimage=&quot;file='res\Setting\scrollbar.bmp' source='18,90,34,106' mask='#FFFF00FF'&quot; button1pushedimage=&quot;file='res\Setting\scrollbar.bmp' source='36,90,52,106' mask='#FFFF00FF'&quot; button1disabledimage=&quot;file='res\Setting\scrollbar.bmp' source='54,90,70,106' mask='#FFFF00FF'&quot; button2normalimage=&quot;file='res\Setting\scrollbar.bmp' source='0,108,16,124' mask='#FFFF00FF'&quot; button2hotimage=&quot;file='res\Setting\scrollbar.bmp' source='18,108,34,124' mask='#FFFF00FF'&quot; button2pushedimage=&quot;file='res\Setting\scrollbar.bmp' source='36,108,52,124' mask='#FFFF00FF'&quot; button2disabledimage=&quot;file='res\Setting\scrollbar.bmp' source='54,108,70,124' mask='#FFFF00FF'&quot; thumbnormalimage=&quot;file='res\Setting\scrollbar.bmp' source='0,126,16,142' corner='2,2,2,2' mask='#FFFF00FF'&quot; thumbhotimage=&quot;file='res\Setting\scrollbar.bmp' source='18,126,34,142' corner='2,2,2,2' mask='#FFFF00FF'&quot; thumbpushedimage=&quot;file='res\Setting\scrollbar.bmp' source='36,126,52,142' corner='2,2,2,2' mask='#FFFF00FF'&quot; thumbdisabledimage=&quot;file='res\Setting\scrollbar.bmp' source='54,126,70,142' corner='2,2,2,2' mask='#FFFF00FF'&quot; railnormalimage=&quot;file='res\Setting\scrollbar.bmp' source='0,144,16,160' corner='2,2,2,2' mask='#FFFF00FF'&quot; railhotimage=&quot;file='res\Setting\scrollbar.bmp' source='18,144,34,160' corner='2,2,2,2' mask='#FFFF00FF'&quot; railpushedimage=&quot;file='res\Setting\scrollbar.bmp' source='36,144,52,160' corner='2,2,2,2' mask='#FFFF00FF'&quot; raildisabledimage=&quot;file='res\Setting\scrollbar.bmp' source='54,144,70,160' corner='2,2,2,2' mask='#FFFF00FF'&quot; bknormalimage=&quot;file='res\Setting\scrollbar.bmp' source='0,162,16,178' corner='2,2,2,2' mask='#FFFF00FF'&quot; bkhotimage=&quot;file='res\Setting\scrollbar.bmp' source='18,162,34,178' corner='2,2,2,2' mask='#FFFF00FF'&quot; bkpushedimage=&quot;file='res\Setting\scrollbar.bmp' source='36,162,52,178' corner='2,2,2,2' mask='#FFFF00FF'&quot; bkdisabledimage=&quot;file='res\Setting\scrollbar.bmp' source='54,162,70,178' corner='2,2,2,2' mask='#FFFF00FF'&quot; "/>
  <HorizontalLayout bkimage="file='res\Setting\bgshezhi.png'">
    <HorizontalLayout width="120">
      <Button name="btnSzTongYong" float="true" pos="0,30,0,0" height="40" width="119" normalimage="file='res\Setting\btn-sztongyong-01.png'" hotimage="file='res\Setting\btn-sztongyong-02.png'" pushedimage="file='res\Setting\btn-sztongyong-03.png'" disabledimage="file='res\Setting\btn-sztongyong-03.png'"/>
      <Button name="btnSzLuZhi" float="true" pos="0,70,0,0" height="40" width="119" normalimage="file='res\Setting\btn-szluzhi-01.png'" hotimage="file='res\Setting\btn-szluzhi-02.png'" pushedimage="file='res\Setting\btn-szluzhi-03.png'" disabledimage="file='res\Setting\btn-szluzhi-03.png'"/>
      <Button name="btnSzReJian" float="true" pos="0,110,0,0" height="40" width="119" normalimage="file='res\Setting\btn-szrejian-01.png'" hotimage="file='res\Setting\btn-szrejian-02.png'" pushedimage="file='res\Setting\btn-szrejian-03.png'" disabledimage="file='res\Setting\btn-szrejian-03.png'"/>
    </HorizontalLayout>
    <VerticalLayout>
      <Container name="titalBarPlaceholder" height="30">
        <Button name="btnClose" float="true" pos="434,0,0,0" height="29" width="24" normalimage="file='res\Setting\btn-close-01.png'" hotimage="file='res\Setting\btn-close-02.png'" pushedimage="file='res\Setting\btn-close-03.png'"/>
      </Container>
      <Container name="ContainerTongYong" visible="false" bkcolor="#FFFFFFFF">
        <HorizontalLayout >
          <Button name="btnIconTYSZ" float="true" pos="19,15,0,0" height="16" width="85" enabled="false" disabledtextcolor="#FF333333"  font="2" text="通用设置" textpadding="-2,-4,0,0"  normalimage="file='res\Setting\icon-top.png' dest='0,0,4,12'"/>
        </HorizontalLayout>
        <HorizontalLayout bkcolor="#FFF6F6F6" float="true" pos="19,44,0,0" height="62" width="422">
          <Option name="btnHideInTheTaskBar" float="true" pos="9,13,0,0" height="14" width="220" font="1" text="开启录制后自动隐藏到任务栏" textcolor="#FF333333" textpadding="24,-1,0,0" normalimage="file='res\Setting\btn-duoxuan-01.png' dest='0,0,14,14'" selectedimage="file='res\Setting\btn-duoxuan-02.png' dest='0,0,14,14'"/>
          <Button name="btnPreview" text="预览" textpadding="0,-2,0,0" font="1" textcolor="#FFFFFFFF" float="true" pos="340,13,0,0" height="22" width="63" bkcolor="#FF4198ED" pushedbkcolor="FF1063B4" />
          <Option name="btnRecoderMousePointer" selected="true" float="true" pos="9,43,0,0" height="14" width="220" font="1" text="录制鼠标指针" textcolor="#FF333333" textpadding="24,-1,0,0" normalimage="file='res\Setting\btn-duoxuan-01.png' dest='0,0,14,14'" selectedimage="file='res\Setting\btn-duoxuan-02.png' dest='0,0,14,14'"/>
        </HorizontalLayout>
        <HorizontalLayout bkcolor="#FFF6F6F6" float="true" pos="19,106,0,0" height="106" width="422" >
          <Container name="conMouseOpt" float="true" pos="9,0,0,0" height="91" width="397" bkimage="file='res\Setting\mouseOption_01.png'">
            <Option name="btnMouseClickSound" font="1" text="点击声音" textcolor="#FF333333" float="true" pos="11,21,0,0" height="14" width="80" textpadding="20,-1,0,0" normalimage="file='res\Setting\btn-duoxuan-01.png' dest='0,0,14,14'" selectedimage="file='res\Setting\btn-duoxuan-02.png' dest='0,0,14,14'"/>
            <Option name="btnMouseTrack" font="1" text="移动轨迹" textcolor="#FF333333" float="true" pos="112,21,0,0" height="14" width="80" textpadding="20,-1,0,0" normalimage="file='res\Setting\btn-duoxuan-01.png' dest='0,0,14,14'" selectedimage="file='res\Setting\btn-duoxuan-02.png' dest='0,0,14,14'"/>
            <Button name="btnMouseTrackClr"  float="true" pos="199,19,0,0" height="19" width="32" normalimage="file='res\Setting\btn_clrsel.png'" />
            <Button name="btnMouseTrackClrSelected"  float="true" pos="204,22,0,0" height="13" width="13" normalimage="file='res\Setting\7.png'"/>
            <Option name="btnMouseHighLight" font="1" text="鼠标高亮" textcolor="#FF333333" float="true" pos="257,21,0,0" height="14" width="80" textpadding="20,-1,0,0" normalimage="file='res\Setting\btn-duoxuan-01.png' dest='0,0,14,14'" selectedimage="file='res\Setting\btn-duoxuan-02.png' dest='0,0,14,14'"/>
            <Button name="btnMouseHighLightClr"  float="true" pos="344,19,0,0" height="19" width="32" normalimage="file='res\Setting\btn_clrsel.png'" />
            <Button name="btnMouseHighLightClrSelected"  float="true" pos="349,22,0,0" height="13" width="13" normalimage="file='res\Setting\7.png'" />
            <Option name="btnMouseClickEffect" font="1" text="点击效果" textcolor="#FF333333" float="true" pos="11,52,0,0" height="14" width="80" textpadding="20,-1,0,0" normalimage="file='res\Setting\btn-duoxuan-01.png' dest='0,0,14,14'" selectedimage="file='res\Setting\btn-duoxuan-02.png' dest='0,0,14,14'"/>
            <Label name="labelL" font="1" text="L:" textcolor="#FF333333" float="true" pos="113,52,0,0" height="14" width="15" />
            <Button name="btnMouseClickEffectLClr"  float="true" pos="140,50,0,0" height="19" width="32" normalimage="file='res\Setting\btn_clrsel.png'"/>
            <Button name="btnMouseClickEffectLClrSelected"  float="true" pos="145,53,0,0" height="13" width="13" normalimage="file='res\Setting\7.png'"/>
            <Label name="labelR" font="1" text="R:" textcolor="#FF333333" float="true" pos="188,52,0,0" height="14" width="15" />
            <Button name="btnMouseClickEffectRClr"  float="true" pos="215,50,0,0" height="19" width="32" normalimage="file='res\Setting\btn_clrsel.png'" />
            <Button name="btnMouseClickEffectRClrSelected"  float="true" pos="220,53,0,0" height="13" width="13" normalimage="file='res\Setting\7.png'" />
          </Container>
        </HorizontalLayout>
        <HorizontalLayout float="true" pos="0,232,0,0" height="16" width="422">
          <Button name="btnIconGBMBS" float="true" pos="19,0,0,0" height="16" width="90" enabled="false" disabledtextcolor="#FF333333"  font="2" text="关闭面板时" textpadding="7,-4,0,0"  normalimage="file='res\Setting\icon-top.png' dest='0,0,4,12'"/>
        </HorizontalLayout>        
        <HorizontalLayout  bkcolor="#FFF6F6F6" float="true" pos="19,261,0,0" height="39" width="422">
          <Option name="btnExitProgram" float="true" pos="9,13,0,0" height="14" width="90" font="1" text="退出程序" textcolor="#FF333333" textpadding="24,-1,0,0"  normalimage="file='res\Setting\btn-danxuan-01.png' dest='0,0,14,14'" selectedimage="file='res\Setting\btn-danxuan-02.png' dest='0,0,14,14'"/>
          <Option name="btnExitProgramHideInTaskBar" float="true" pos="105,13,0,0" height="14" width="200" font="1" text="隐藏到任务栏,不退出程序" textcolor="#FF666666" textpadding="24,-1,0,0"  normalimage="file='res\Setting\btn-danxuan-01.png' dest='0,0,14,14'" selectedimage="file='res\Setting\btn-danxuan-02.png' dest='0,0,14,14'"/>
        </HorizontalLayout>
      </Container>
      <Container name="ContainerLuZhi"  bkimage="file='res\Setting\tabPageHuaZhi.png'">
        <Option name="btnVideoSD" float="true" pos="30,63,0,0" height="14" width="14" selected="false" normalimage="file='res\Setting\btn-danxuan-01.png'" selectedimage="file='res\Setting\btn-danxuan-02.png'"/>
        <Option name="btnVideoHD" float="true" pos="112,63,0,0" height="14" width="14" selected="false" normalimage="file='res\Setting\btn-danxuan-01.png'" selectedimage="file='res\Setting\btn-danxuan-02.png'"/>
        <Option name="btnVideoSRC" float="true" pos="194,63,0,0" height="14" width="14" selected="false" normalimage="file='res\Setting\btn-danxuan-01.png'" selectedimage="file='res\Setting\btn-danxuan-02.png'"/>
        <Button name="btnShowDir" font="0" textcolor="#FF666666" float="true" pos="38,150,0,0" height="24" width="210" align="left"/>
        <Button name="btnChangeDir" float="true" pos="260,149,0,0" height="24" width="80" normalimage="file='res\Setting\btn-szgenggai-01.png'" hotimage="file='res\Setting\btn-szgenggai-02.png'" pushedimage="file='res\Setting\btn-szgenggai-03.png'"/>
        <Button name="btnOpenDir" float="true" pos="350,149,0,0" height="24" width="80" normalimage="file='res\Setting\btn-szdakai-01.png'" hotimage="file='res\Setting\btn-szdakai-02.png'" pushedimage="file='res\Setting\btn-szdakai-03.png'"/>
        <Option name="btnFormatAvi" float="true" pos="30,245,0,0" height="14" width="14" selected="false" group="btnFormat" normalimage="file='res\Setting\btn-danxuan-01.png'" selectedimage="file='res\Setting\btn-danxuan-02.png'"/>
        <Option name="btnFormatMp4" float="true" pos="112,245,0,0" height="14" width="14" selected="false" group="btnFormat" normalimage="file='res\Setting\btn-danxuan-01.png'" selectedimage="file='res\Setting\btn-danxuan-02.png'"/>
        <Option name="btnFormatFLV" float="true" pos="194,245,0,0" height="14" width="14" selected="false" group="btnFormat" normalimage="file='res\Setting\btn-danxuan-01.png'" selectedimage="file='res\Setting\btn-danxuan-02.png'"/>
      </Container>
      <Container name="ContainerReJian" bkimage="file='res\Setting\tabPageReJian.png'" >
        <List name="hotKeyList" float="true" pos="22,50,0,0" header="hidden"  height="230" width="420" >
          <ListContainerElement name="ListItem1"  tag="0"  height="40" bkcolor="#FFF6F6F6" inset="0,9,0,9"  >
            <HorizontalLayout maxheight="22" >
              <Label name ="LabelStartPause" text="开始/暂停" textpadding="9,0,0,0" width="100" textcolor="#FF666666"  font="1" />
              <Control />
              <Label name="LabelAltStartPause" width="80" align="right" textcolor="#FF358BDF" font="1" />
              <Combo name="CobAltStartPause" vscrollbar="false" hscrollbar="false" width="38" itemselectedtextcolor="#FF358BDF" bordercolor="#FFD2D2D2" bordersize="1,1,1,1"  normalimage="file='res\Setting\combo_hotkey_01.png' dest='0,0,38,22'" font="1" itemfont="1" />
              <Control width="10" />
            </HorizontalLayout>
          </ListContainerElement>
          <ListContainerElement name="ListItem2" tag="1" height="40" bkcolor="#FFFFFFFF" inset="0,9,0,9" >
            <HorizontalLayout maxheight="22">
              <Label name="LabelStop" text="停止" textpadding="9,0,0,0" width="100" textcolor="#FF666666" font="1" />
              <Control />
              <Label name="LabelAltStop" width="80" align="right" textcolor="#FF358BDF"  font="1"/>
              <Combo name="CobAltStop"  vscrollbar="true" hscrollbar="true" width="38" itemselectedtextcolor="#FF358BDF" bordercolor="#FFD2D2D2" bordersize="1,1,1,1" normalimage="file='res\Setting\combo_hotkey_01.png' dest='0,0,38,22'" font="1" itemfont="1"/>
              <Control width="10" />
            </HorizontalLayout>
          </ListContainerElement>
          <ListContainerElement name="Others" tag="2" height="800" itemselectedtextcolor="#FFFFFFFF" >
            <Container bkcolor ="#FFFFFFFF" />
          </ListContainerElement>

        </List>
        <Button name="btnReSetHotKey" float="true" pos="330,285,0,0" height="24" width="110"  normalimage="file='res\Setting\btn-szhuifu-01.png'" hotimage="file='res\Setting\btn-szhuifu-02.png'" pushedimage="file='res\Setting\btn-szhuifu-03.png'"/>
      </Container>
    </VerticalLayout>
  </HorizontalLayout>
</Window>
